Don 1,Pan 1,Address 1,City 9,State 1,Area Code 2,10000
Don 2,Pan 2,Address 2,City 2,State 2,Area Code 3,20000
Don 3,Pan 3,Address 3,City 3,State 9,Area Code 4,30000
Don 4,Pan 4,Address 4,City 9,State 4,Area Code 5,40000
Don 5,Pan 5,Address 5,City 5,State 5,Area Code 6,50000
Don 6,Pan 6,Address 6,City 6,State 6,Area Code 7,60000
Don 7,Pan 7,Address 7,City 7,State 7,Area Code 8,70000
Don 8,Pan 8,Address 8,City 8,State 9,Area Code 9,80000
Don 9,Pan 9,Address 9,City 9,State 9,Area Code 10,90000
Don 10,Pan 10,Address 10,City 10,State 10,Area Code 11,100000
Don 11,Pan 11,Address 11,City 9,State 11,Area Code 12,110000
